[
    {
        "name": "Serverless-Autodefend InmobiliarioQA",
        "awsRegionType": "regular",
        "consoleAddr": "us-west1.cloud.twistlock.com",
        "credentialID": "InmobiliarioQA - 522039215433",
        "lastModified": "2023-03-22T14:18:22.98Z",
        "collections": [
            {
                "hosts": [
                    "*"
                ],
                "images": [
                    "*"
                ],
                "labels": [
                    "*"
                ],
                "containers": [
                    "*"
                ],
                "functions": [
                    "*"
                ],
                "namespaces": [
                    "*"
                ],
                "appIDs": [
                    "*"
                ],
                "accountIDs": [
                    "*"
                ],
                "codeRepos": [
                    "*"
                ],
                "clusters": [
                    "*"
                ],
                "name": "All",
                "owner": "system",
                "modified": "2021-01-31T08:25:53.196Z",
                "color": "#3FA2F7",
                "description": "System - all resources collection",
                "system": true,
                "prisma": false
            }
        ],
        "runtimes": [
            "nodejs12.x",
            "nodejs14.x",
            "python3.6",
            "python3.7",
            "python3.8",
            "python3.9",
            "ruby2.7"
        ],
        "proxy": {
            "httpProxy": "",
            "noProxy": "",
            "ca": "",
            "user": "",
            "password": {
                "encrypted": ""
            }
        }
    },
    {
        "name": "ServiciosTIFuncionesCorporativas QA",
        "awsRegionType": "regular",
        "consoleAddr": "us-west1.cloud.twistlock.com",
        "credentialID": "ServiciosTiFuncionesCorporativasQA - 127778743626",
        "lastModified": "2023-03-22T14:31:52.539Z",
        "collections": [
            {
                "hosts": [
                    "*"
                ],
                "images": [
                    "*"
                ],
                "labels": [
                    "*"
                ],
                "containers": [
                    "*"
                ],
                "functions": [
                    "*"
                ],
                "namespaces": [
                    "*"
                ],
                "appIDs": [
                    "*"
                ],
                "accountIDs": [
                    "*"
                ],
                "codeRepos": [
                    "*"
                ],
                "clusters": [
                    "*"
                ],
                "name": "All",
                "owner": "system",
                "modified": "2021-01-31T08:25:53.196Z",
                "color": "#3FA2F7",
                "description": "System - all resources collection",
                "system": true,
                "prisma": false
            }
        ],
        "runtimes": [
            "nodejs12.x",
            "nodejs14.x",
            "python3.6",
            "python3.7",
            "python3.8",
            "python3.9",
            "ruby2.7"
        ],
        "proxy": {
            "httpProxy": "",
            "noProxy": "",
            "ca": "",
            "user": "",
            "password": {
                "encrypted": ""
            }
        }
    },
    {
        "name": "Cloud QA",
        "awsRegionType": "regular",
        "consoleAddr": "us-west1.cloud.twistlock.com",
        "credentialID": "CloudQA - 893006027151",
        "lastModified": "2023-03-22T14:32:51.319Z",
        "collections": [
            {
                "hosts": [
                    "*"
                ],
                "images": [
                    "*"
                ],
                "labels": [
                    "*"
                ],
                "containers": [
                    "*"
                ],
                "functions": [
                    "*"
                ],
                "namespaces": [
                    "*"
                ],
                "appIDs": [
                    "*"
                ],
                "accountIDs": [
                    "*"
                ],
                "codeRepos": [
                    "*"
                ],
                "clusters": [
                    "*"
                ],
                "name": "All",
                "owner": "system",
                "modified": "2021-01-31T08:25:53.196Z",
                "color": "#3FA2F7",
                "description": "System - all resources collection",
                "system": true,
                "prisma": false
            }
        ],
        "runtimes": [
            "nodejs12.x",
            "nodejs14.x",
            "python3.6",
            "python3.7",
            "python3.8",
            "python3.9",
            "ruby2.7"
        ],
        "proxy": {
            "httpProxy": "",
            "noProxy": "",
            "ca": "",
            "user": "",
            "password": {
                "encrypted": ""
            }
        }
    },
    {
        "name": "Modelosanaliticos QA",
        "awsRegionType": "regular",
        "consoleAddr": "us-west1.cloud.twistlock.com",
        "credentialID": "ModelosAnaliticosQA - 968232777816",
        "lastModified": "2023-03-22T14:33:45.744Z",
        "collections": [
            {
                "hosts": [
                    "*"
                ],
                "images": [
                    "*"
                ],
                "labels": [
                    "*"
                ],
                "containers": [
                    "*"
                ],
                "functions": [
                    "*"
                ],
                "namespaces": [
                    "*"
                ],
                "appIDs": [
                    "*"
                ],
                "accountIDs": [
                    "*"
                ],
                "codeRepos": [
                    "*"
                ],
                "clusters": [
                    "*"
                ],
                "name": "All",
                "owner": "system",
                "modified": "2021-01-31T08:25:53.196Z",
                "color": "#3FA2F7",
                "description": "System - all resources collection",
                "system": true,
                "prisma": false
            }
        ],
        "runtimes": [
            "nodejs12.x",
            "nodejs14.x",
            "python3.6",
            "python3.7",
            "python3.8",
            "python3.9",
            "ruby2.7"
        ],
        "proxy": {
            "httpProxy": "",
            "noProxy": "",
            "ca": "",
            "user": "",
            "password": {
                "encrypted": ""
            }
        }
    },
    {
        "name": "Blockchain QA",
        "awsRegionType": "regular",
        "consoleAddr": "us-west1.cloud.twistlock.com",
        "credentialID": "BlockchainQA - 209428723595",
        "lastModified": "2023-03-22T14:34:38.315Z",
        "collections": [
            {
                "hosts": [
                    "*"
                ],
                "images": [
                    "*"
                ],
                "labels": [
                    "*"
                ],
                "containers": [
                    "*"
                ],
                "functions": [
                    "*"
                ],
                "namespaces": [
                    "*"
                ],
                "appIDs": [
                    "*"
                ],
                "accountIDs": [
                    "*"
                ],
                "codeRepos": [
                    "*"
                ],
                "clusters": [
                    "*"
                ],
                "name": "All",
                "owner": "system",
                "modified": "2021-01-31T08:25:53.196Z",
                "color": "#3FA2F7",
                "description": "System - all resources collection",
                "system": true,
                "prisma": false
            }
        ],
        "runtimes": [
            "nodejs12.x",
            "nodejs14.x",
            "python3.6",
            "python3.7",
            "python3.8",
            "python3.9",
            "ruby2.7"
        ],
        "proxy": {
            "httpProxy": "",
            "noProxy": "",
            "ca": "",
            "user": "",
            "password": {
                "encrypted": ""
            }
        }
    },
    {
        "name": "Ciberseguridad DEV",
        "awsRegionType": "regular",
        "consoleAddr": "us-west1.cloud.twistlock.com",
        "credentialID": "CiberseguridadDEV - 126174654303",
        "lastModified": "2023-03-24T22:21:11.46Z",
        "collections": [
            {
                "hosts": [
                    "*"
                ],
                "images": [
                    "*"
                ],
                "labels": [
                    "*"
                ],
                "containers": [
                    "*"
                ],
                "functions": [
                    "*"
                ],
                "namespaces": [
                    "*"
                ],
                "appIDs": [
                    "*"
                ],
                "accountIDs": [
                    "*"
                ],
                "codeRepos": [
                    "*"
                ],
                "clusters": [
                    "*"
                ],
                "name": "All",
                "owner": "system",
                "modified": "2021-01-31T08:25:53.196Z",
                "color": "#3FA2F7",
                "description": "System - all resources collection",
                "system": true,
                "prisma": false
            }
        ],
        "runtimes": [
            "nodejs12.x",
            "nodejs14.x",
            "python3.6",
            "python3.7",
            "python3.8",
            "python3.9",
            "ruby2.7"
        ],
        "proxy": {
            "httpProxy": "",
            "noProxy": "",
            "ca": "",
            "user": "",
            "password": {
                "encrypted": ""
            }
        }
    },
    {
        "name": "Ciberseguridad QA",
        "awsRegionType": "regular",
        "consoleAddr": "us-west1.cloud.twistlock.com",
        "credentialID": "CiberseguridadQA - 394822897200",
        "lastModified": "2023-03-24T22:21:55.874Z",
        "collections": [
            {
                "hosts": [
                    "*"
                ],
                "images": [
                    "*"
                ],
                "labels": [
                    "*"
                ],
                "containers": [
                    "*"
                ],
                "functions": [
                    "*"
                ],
                "namespaces": [
                    "*"
                ],
                "appIDs": [
                    "*"
                ],
                "accountIDs": [
                    "*"
                ],
                "codeRepos": [
                    "*"
                ],
                "clusters": [
                    "*"
                ],
                "name": "All",
                "owner": "system",
                "modified": "2021-01-31T08:25:53.196Z",
                "color": "#3FA2F7",
                "description": "System - all resources collection",
                "system": true,
                "prisma": false
            }
        ],
        "runtimes": [
            "nodejs12.x",
            "nodejs14.x",
            "python3.6",
            "python3.7",
            "python3.8",
            "python3.9",
            "ruby2.7"
        ],
        "proxy": {
            "httpProxy": "",
            "noProxy": "",
            "ca": "",
            "user": "",
            "password": {
                "encrypted": ""
            }
        }
    },
    {
        "name": "Ciberseguridad PDN",
        "awsRegionType": "regular",
        "consoleAddr": "us-west1.cloud.twistlock.com",
        "credentialID": "CiberseguridadPDN - 831688958710",
        "lastModified": "2023-03-25T01:52:55.241Z",
        "collections": [
            {
                "hosts": [
                    "*"
                ],
                "images": [
                    "*"
                ],
                "labels": [
                    "*"
                ],
                "containers": [
                    "*"
                ],
                "functions": [
                    "*"
                ],
                "namespaces": [
                    "*"
                ],
                "appIDs": [
                    "*"
                ],
                "accountIDs": [
                    "*"
                ],
                "codeRepos": [
                    "*"
                ],
                "clusters": [
                    "*"
                ],
                "name": "All",
                "owner": "system",
                "modified": "2021-01-31T08:25:53.196Z",
                "color": "#3FA2F7",
                "description": "System - all resources collection",
                "system": true,
                "prisma": false
            }
        ],
        "runtimes": [
            "nodejs12.x",
            "nodejs14.x",
            "python3.6",
            "python3.7",
            "python3.8",
            "python3.9",
            "ruby2.7"
        ],
        "proxy": {
            "httpProxy": "",
            "noProxy": "",
            "ca": "",
            "user": "",
            "password": {
                "encrypted": ""
            }
        }
    },
    {
        "name": "AnaliticaTI QA",
        "awsRegionType": "regular",
        "consoleAddr": "us-west1.cloud.twistlock.com",
        "credentialID": "AnaliticaTIQA - 590439173732",
        "lastModified": "2023-03-27T16:17:00.627Z",
        "collections": [
            {
                "hosts": [
                    "*"
                ],
                "images": [
                    "*"
                ],
                "labels": [
                    "*"
                ],
                "containers": [
                    "*"
                ],
                "functions": [
                    "*"
                ],
                "namespaces": [
                    "*"
                ],
                "appIDs": [
                    "*"
                ],
                "accountIDs": [
                    "*"
                ],
                "codeRepos": [
                    "*"
                ],
                "clusters": [
                    "*"
                ],
                "name": "All",
                "owner": "system",
                "modified": "2021-01-31T08:25:53.196Z",
                "color": "#3FA2F7",
                "description": "System - all resources collection",
                "system": true,
                "prisma": false
            }
        ],
        "runtimes": [
            "nodejs12.x",
            "nodejs14.x",
            "python3.6",
            "python3.7",
            "python3.8",
            "python3.9",
            "ruby2.7"
        ],
        "proxy": {
            "httpProxy": "",
            "noProxy": "",
            "ca": "",
            "user": "",
            "password": {
                "encrypted": ""
            }
        }
    },
    {
        "name": "AnaliticaTI DEV",
        "awsRegionType": "regular",
        "consoleAddr": "us-west1.cloud.twistlock.com",
        "credentialID": "AnaliticaTIDEV - 769417707124",
        "lastModified": "2023-03-27T16:17:20.511Z",
        "collections": [
            {
                "hosts": [
                    "*"
                ],
                "images": [
                    "*"
                ],
                "labels": [
                    "*"
                ],
                "containers": [
                    "*"
                ],
                "functions": [
                    "*"
                ],
                "namespaces": [
                    "*"
                ],
                "appIDs": [
                    "*"
                ],
                "accountIDs": [
                    "*"
                ],
                "codeRepos": [
                    "*"
                ],
                "clusters": [
                    "*"
                ],
                "name": "All",
                "owner": "system",
                "modified": "2021-01-31T08:25:53.196Z",
                "color": "#3FA2F7",
                "description": "System - all resources collection",
                "system": true,
                "prisma": false
            }
        ],
        "runtimes": [
            "nodejs14.x",
            "nodejs12.x",
            "python3.6",
            "python3.7",
            "python3.8",
            "ruby2.7",
            "python3.9"
        ],
        "proxy": {
            "httpProxy": "",
            "noProxy": "",
            "ca": "",
            "user": "",
            "password": {
                "encrypted": ""
            }
        }
    },
    {
        "name": "ApoyoAlNegocio QA",
        "awsRegionType": "regular",
        "consoleAddr": "us-west1.cloud.twistlock.com",
        "credentialID": "ApoyoAlNegocioQA - 907757723230",
        "lastModified": "2023-03-27T16:18:40.452Z",
        "collections": [
            {
                "hosts": [
                    "*"
                ],
                "images": [
                    "*"
                ],
                "labels": [
                    "*"
                ],
                "containers": [
                    "*"
                ],
                "functions": [
                    "*"
                ],
                "namespaces": [
                    "*"
                ],
                "appIDs": [
                    "*"
                ],
                "accountIDs": [
                    "*"
                ],
                "codeRepos": [
                    "*"
                ],
                "clusters": [
                    "*"
                ],
                "name": "All",
                "owner": "system",
                "modified": "2021-01-31T08:25:53.196Z",
                "color": "#3FA2F7",
                "description": "System - all resources collection",
                "system": true,
                "prisma": false
            }
        ],
        "runtimes": [
            "nodejs12.x",
            "nodejs14.x",
            "python3.6",
            "python3.7",
            "python3.8",
            "python3.9",
            "ruby2.7"
        ],
        "proxy": {
            "httpProxy": "",
            "noProxy": "",
            "ca": "",
            "user": "",
            "password": {
                "encrypted": ""
            }
        }
    },
    {
        "name": "ApoyoAlNegocio DEV",
        "awsRegionType": "regular",
        "consoleAddr": "us-west1.cloud.twistlock.com",
        "credentialID": "ApoyoAlNegocioDEV - 813024095984",
        "lastModified": "2023-03-27T16:19:15.608Z",
        "collections": [
            {
                "hosts": [
                    "*"
                ],
                "images": [
                    "*"
                ],
                "labels": [
                    "*"
                ],
                "containers": [
                    "*"
                ],
                "functions": [
                    "*"
                ],
                "namespaces": [
                    "*"
                ],
                "appIDs": [
                    "*"
                ],
                "accountIDs": [
                    "*"
                ],
                "codeRepos": [
                    "*"
                ],
                "clusters": [
                    "*"
                ],
                "name": "All",
                "owner": "system",
                "modified": "2021-01-31T08:25:53.196Z",
                "color": "#3FA2F7",
                "description": "System - all resources collection",
                "system": true,
                "prisma": false
            }
        ],
        "runtimes": [
            "nodejs12.x",
            "nodejs14.x",
            "python3.6",
            "python3.7",
            "python3.8",
            "python3.9",
            "ruby2.7"
        ],
        "proxy": {
            "httpProxy": "",
            "noProxy": "",
            "ca": "",
            "user": "",
            "password": {
                "encrypted": ""
            }
        }
    },
    {
        "name": "Blockchain DEV",
        "awsRegionType": "regular",
        "consoleAddr": "us-west1.cloud.twistlock.com",
        "credentialID": "BlockchainDEV - 127981432191",
        "lastModified": "2023-03-27T16:20:24.775Z",
        "collections": [
            {
                "hosts": [
                    "*"
                ],
                "images": [
                    "*"
                ],
                "labels": [
                    "*"
                ],
                "containers": [
                    "*"
                ],
                "functions": [
                    "*"
                ],
                "namespaces": [
                    "*"
                ],
                "appIDs": [
                    "*"
                ],
                "accountIDs": [
                    "*"
                ],
                "codeRepos": [
                    "*"
                ],
                "clusters": [
                    "*"
                ],
                "name": "All",
                "owner": "system",
                "modified": "2021-01-31T08:25:53.196Z",
                "color": "#3FA2F7",
                "description": "System - all resources collection",
                "system": true,
                "prisma": false
            }
        ],
        "runtimes": [
            "nodejs12.x",
            "nodejs14.x",
            "python3.6",
            "python3.7",
            "python3.8",
            "python3.9",
            "ruby2.7"
        ],
        "proxy": {
            "httpProxy": "",
            "noProxy": "",
            "ca": "",
            "user": "",
            "password": {
                "encrypted": ""
            }
        }
    },
    {
        "name": "Modelosanaliticos DEV",
        "awsRegionType": "regular",
        "consoleAddr": "us-west1.cloud.twistlock.com",
        "credentialID": "ModelosAnaliticosDEV - 315985407388",
        "lastModified": "2023-03-27T16:22:09.611Z",
        "collections": [
            {
                "hosts": [
                    "*"
                ],
                "images": [
                    "*"
                ],
                "labels": [
                    "*"
                ],
                "containers": [
                    "*"
                ],
                "functions": [
                    "*"
                ],
                "namespaces": [
                    "*"
                ],
                "appIDs": [
                    "*"
                ],
                "accountIDs": [
                    "*"
                ],
                "codeRepos": [
                    "*"
                ],
                "clusters": [
                    "*"
                ],
                "name": "All",
                "owner": "system",
                "modified": "2021-01-31T08:25:53.196Z",
                "color": "#3FA2F7",
                "description": "System - all resources collection",
                "system": true,
                "prisma": false
            }
        ],
        "runtimes": [
            "nodejs12.x",
            "nodejs14.x",
            "python3.6",
            "python3.7",
            "python3.8",
            "python3.9",
            "ruby2.7"
        ],
        "proxy": {
            "httpProxy": "",
            "noProxy": "",
            "ca": "",
            "user": "",
            "password": {
                "encrypted": ""
            }
        }
    },
    {
        "name": "Cloud DEV",
        "awsRegionType": "regular",
        "consoleAddr": "us-west1.cloud.twistlock.com",
        "credentialID": "CloudDEV - 547578977972",
        "lastModified": "2023-03-27T16:23:13.416Z",
        "collections": [
            {
                "hosts": [
                    "*"
                ],
                "images": [
                    "*"
                ],
                "labels": [
                    "*"
                ],
                "containers": [
                    "*"
                ],
                "functions": [
                    "*"
                ],
                "namespaces": [
                    "*"
                ],
                "appIDs": [
                    "*"
                ],
                "accountIDs": [
                    "*"
                ],
                "codeRepos": [
                    "*"
                ],
                "clusters": [
                    "*"
                ],
                "name": "All",
                "owner": "system",
                "modified": "2021-01-31T08:25:53.196Z",
                "color": "#3FA2F7",
                "description": "System - all resources collection",
                "system": true,
                "prisma": false
            }
        ],
        "runtimes": [
            "nodejs12.x",
            "nodejs14.x",
            "python3.6",
            "python3.7",
            "python3.8",
            "python3.9",
            "ruby2.7"
        ],
        "proxy": {
            "httpProxy": "",
            "noProxy": "",
            "ca": "",
            "user": "",
            "password": {
                "encrypted": ""
            }
        }
    },
    {
        "name": "ServiciosTIFuncionesCorporativas DEV",
        "awsRegionType": "regular",
        "consoleAddr": "us-west1.cloud.twistlock.com",
        "credentialID": "ServiciosTiFuncionesCorporativasDev - 991917372161",
        "lastModified": "2023-03-27T16:23:52.017Z",
        "collections": [
            {
                "hosts": [
                    "*"
                ],
                "images": [
                    "*"
                ],
                "labels": [
                    "*"
                ],
                "containers": [
                    "*"
                ],
                "functions": [
                    "*"
                ],
                "namespaces": [
                    "*"
                ],
                "appIDs": [
                    "*"
                ],
                "accountIDs": [
                    "*"
                ],
                "codeRepos": [
                    "*"
                ],
                "clusters": [
                    "*"
                ],
                "name": "All",
                "owner": "system",
                "modified": "2021-01-31T08:25:53.196Z",
                "color": "#3FA2F7",
                "description": "System - all resources collection",
                "system": true,
                "prisma": false
            }
        ],
        "runtimes": [
            "nodejs12.x",
            "nodejs14.x",
            "python3.6",
            "python3.7",
            "python3.8",
            "python3.9",
            "ruby2.7"
        ],
        "proxy": {
            "httpProxy": "",
            "noProxy": "",
            "ca": "",
            "user": "",
            "password": {
                "encrypted": ""
            }
        }
    },
    {
        "name": "Inmobiliario DEV",
        "awsRegionType": "regular",
        "consoleAddr": "us-west1.cloud.twistlock.com",
        "credentialID": "InmobiliarioDEV - 934555749958",
        "lastModified": "2023-03-27T16:24:23.334Z",
        "collections": [
            {
                "hosts": [
                    "*"
                ],
                "images": [
                    "*"
                ],
                "labels": [
                    "*"
                ],
                "containers": [
                    "*"
                ],
                "functions": [
                    "*"
                ],
                "namespaces": [
                    "*"
                ],
                "appIDs": [
                    "*"
                ],
                "accountIDs": [
                    "*"
                ],
                "codeRepos": [
                    "*"
                ],
                "clusters": [
                    "*"
                ],
                "name": "All",
                "owner": "system",
                "modified": "2021-01-31T08:25:53.196Z",
                "color": "#3FA2F7",
                "description": "System - all resources collection",
                "system": true,
                "prisma": false
            }
        ],
        "runtimes": [
            "nodejs12.x",
            "python3.6",
            "nodejs14.x",
            "python3.7",
            "python3.8",
            "python3.9",
            "ruby2.7"
        ],
        "proxy": {
            "httpProxy": "",
            "noProxy": "",
            "ca": "",
            "user": "",
            "password": {
                "encrypted": ""
            }
        }
    },
    {
        "name": "Ecosistemas DEV",
        "awsRegionType": "regular",
        "consoleAddr": "us-west1.cloud.twistlock.com",
        "credentialID": "EcosistemasDEV - 641876280411",
        "lastModified": "2023-03-29T16:02:53.045Z",
        "collections": [
            {
                "hosts": [
                    "*"
                ],
                "images": [
                    "*"
                ],
                "labels": [
                    "*"
                ],
                "containers": [
                    "*"
                ],
                "functions": [
                    "*"
                ],
                "namespaces": [
                    "*"
                ],
                "appIDs": [
                    "*"
                ],
                "accountIDs": [
                    "*"
                ],
                "codeRepos": [
                    "*"
                ],
                "clusters": [
                    "*"
                ],
                "name": "All",
                "owner": "system",
                "modified": "2021-01-31T08:25:53.196Z",
                "color": "#3FA2F7",
                "description": "System - all resources collection",
                "system": true,
                "prisma": false
            }
        ],
        "runtimes": [
            "nodejs12.x",
            "nodejs14.x",
            "python3.6",
            "python3.7",
            "python3.8",
            "python3.9",
            "ruby2.7"
        ],
        "proxy": {
            "httpProxy": "",
            "noProxy": "",
            "ca": "",
            "user": "",
            "password": {
                "encrypted": ""
            }
        }
    }
]