[{
    "consoleAddr": "us-east1.cloud.twistlock.com",
    "runtimes": [
        "nodejs12.x",
        "nodejs14.x",
        "python3.6",
        "python3.8",
        "python3.7",
        "python3.9",
        "ruby2.7"
    ],
    "awsRegionType": "regular",
    "collections": [
        {
            "hosts": [
                "*"
            ],
            "images": [
                "*"
            ],
            "labels": [
                "*"
            ],
            "containers": [
                "*"
            ],
            "functions": [
                "*"
            ],
            "namespaces": [
                "*"
            ],
            "appIDs": [
                "*"
            ],
            "accountIDs": [
                "*"
            ],
            "codeRepos": [
                "*"
            ],
            "clusters": [
                "*"
            ],
            "name": "All",
            "owner": "system",
            "modified": "2021-01-31T08:32:41.974Z",
            "color": "#3FA2F7",
            "description": "System - all resources collection",
            "system": True,
            "prisma": False
        }
    ],
    "credentialID": "test-Cristian",
    "name": "test-Cristian",
    "proxy": {
        "httpProxy": "",
        "ca": "",
        "user": "",
        "noProxy": "",
        "password": {
            "encrypted": "",
            "plain": ""
        }
    }
}]


{
    "consoleAddr": "us-east1.cloud.twistlock.com",
    "runtimes": [
        "nodejs12.x",
        "nodejs14.x",
        "python3.7",
        "python3.6",
        "python3.8",
        "python3.9",
        "ruby2.7"
    ],
    "awsRegionType": "regular",
    "collections": [
        {
            "hosts": [
                "*"
            ],
            "images": [
                "*"
            ],
            "labels": [
                "*"
            ],
            "containers": [
                "*"
            ],
            "functions": [
                "*"
            ],
            "namespaces": [
                "*"
            ],
            "appIDs": [
                "*"
            ],
            "accountIDs": [
                "*"
            ],
            "codeRepos": [
                "*"
            ],
            "clusters": [
                "*"
            ],
            "name": "All",
            "owner": "system",
            "modified": "2021-01-31T08:32:41.974Z",
            "color": "#3FA2F7",
            "description": "System - all resources collection",
            "system": true,
            "prisma": false
        }
    ],
    "credentialID": "216908251861",
    "name": "Cristian",
    "proxy": {
        "httpProxy": "",
        "ca": "",
        "user": "",
        "noProxy": "",
        "password": {
            "encrypted": "",
            "plain": ""
        }
    }
}



[
{
    "name": "prueba-CG",
    "awsRegionType": "regular",
    "consoleAddr": "us-east1.cloud.twistlock.com",
    "credentialID": "635779605500",
    "lastModified": "2023-03-28T16:25:17.552Z",
    "collections": [
        {
            "hosts": [
                "*"
            ],
            "images": [
                "*"
            ],
            "labels": [
                "*"
            ],
            "containers": [
                "*"
            ],
            "functions": [
                "*"
            ],
            "namespaces": [
                "*"
            ],
            "appIDs": [
                "*"
            ],
            "accountIDs": [
                "*"
            ],
            "codeRepos": [
                "*"
            ],
            "clusters": [
                "*"
            ],
            "name": "serverless-juan",
            "owner": "juan.marin@netdatanetworks.com",
            "modified": "2023-03-28T15:31:09.751Z",
            "color": "#4F754A",
            "system": False,
            "prisma": False
        }
    ],
    "runtimes": [
        "python3.9"
    ],
    "proxy": {
        "httpProxy": "",
        "noProxy": "",
        "ca": "",
        "user": "",
        "password": {
            "encrypted": ""
        }
    },
    "accountName": "AWS Account - CloudGuru",
    "cloudProviderAccountID": "635779605500",
    "provider": "aws"
},
{
    "name": "prueba-serverless",
    "awsRegionType": "regular",
    "consoleAddr": "us-east1.cloud.twistlock.com",
    "credentialID": "423154583131",
    "lastModified": "2023-03-28T15:56:29.138Z",
    "collections": [
        {
            "hosts": [
                "*"
            ],
            "images": [
                "*"
            ],
            "labels": [
                "*"
            ],
            "containers": [
                "*"
            ],
            "functions": [
                "*"
            ],
            "namespaces": [
                "*"
            ],
            "appIDs": [
                "*"
            ],
            "accountIDs": [
                "*"
            ],
            "codeRepos": [
                "*"
            ],
            "clusters": [
                "*"
            ],
            "name": "serverless-juan",
            "owner": "juan.marin@netdatanetworks.com",
            "modified": "2023-03-28T15:31:09.751Z",
            "color": "#4F754A",
            "system": False,
            "prisma": False
        }
    ],
    "runtimes": [
        "python3.9",
        "python3.8"
    ],
    "proxy": {
        "httpProxy": "",
        "noProxy": "",
        "ca": "",
        "user": "",
        "password": {
            "encrypted": ""
        }
    },
    "accountName": "AWS Account - Prueba",
    "cloudProviderAccountID": "423154583131",
    "provider": "aws"
},
{
    "name": "slack-defender",
    "awsRegionType": "regular",
    "consoleAddr": "us-east1.cloud.twistlock.com",
    "credentialID": "Oscar Cely",
    "lastModified": "2023-03-09T17:42:01.903Z",
    "collections": [
        {
            "hosts": [
                "*"
            ],
            "images": [
                "*"
            ],
            "labels": [
                "defend:true"
            ],
            "containers": [
                "*"
            ],
            "functions": [
                "*"
            ],
            "namespaces": [
                "*"
            ],
            "appIDs": [
                "*"
            ],
            "accountIDs": [
                "*"
            ],
            "codeRepos": [
                "*"
            ],
            "clusters": [
                "*"
            ],
            "name": "new_functions",
            "owner": "oscar.cely@netdatanetworks.com",
            "modified": "2023-03-23T14:32:10.449Z",
            "color": "#BCABAA",
            "system": False,
            "prisma": False
        }
    ],
    "runtimes": [
        "python3.8",
        "python3.9",
        "python3.7",
        "python3.6"
    ],
    "proxy": {
        "httpProxy": "",
        "noProxy": "",
        "ca": "",
        "user": "",
        "password": {
            "encrypted": ""
        }
    },
    "accountName": "Oscar Cely",
    "cloudProviderAccountID": "145871297803",
    "provider": "aws"
},
{
    "consoleAddr": "us-east1.cloud.twistlock.com",
    "runtimes": [
        "nodejs12.x",
        "nodejs14.x",
        "python3.6",
        "python3.8",
        "python3.7",
        "python3.9",
        "ruby2.7"
    ],
    "awsRegionType": "regular",
    "collections": [
        {
            "hosts": [
                "*"
            ],
            "images": [
                "*"
            ],
            "labels": [
                "*"
            ],
            "containers": [
                "*"
            ],
            "functions": [
                "*"
            ],
            "namespaces": [
                "*"
            ],
            "appIDs": [
                "*"
            ],
            "accountIDs": [
                "*"
            ],
            "codeRepos": [
                "*"
            ],
            "clusters": [
                "*"
            ],
            "name": "All",
            "owner": "system",
            "modified": "2021-01-31T08:32:41.974Z",
            "color": "#3FA2F7",
            "description": "System - all resources collection",
            "system": True,
            "prisma": False
        }
    ],
    "credentialID": "test-Cristian",
    "name": "test-Cristian",
    "proxy": {
        "httpProxy": "",
        "ca": "",
        "user": "",
        "noProxy": "",
        "password": {
            "encrypted": "",
            "plain": ""
        }
    }
}
]